EventID,SessionID,EventTypeID,EventTarget,StartDateTimeUTC,EndDateTimeUTC,EventDataBlob
2,1,1,,2016-03-16 23:49:31.7040000,2016-03-16 23:49:31.8740000,4E72434D475A5154674767466A6A41444158526D53536167477A494853676F7041
63,4,2,,2016-03-16 23:53:58.4560000,2016-03-16 23:54:03.4340000,4E72424D4459426F415946314F41526C415A68674F6B664A414F484852745245317030556A52514D415753714D67566B6F48594E787362454830584F424F486A6D794D553044507845312B6B4C416B616A5A6D4551715746353447596E5163454C46754F31384565526B75454A2B6F4E74736D5761616463483431386F5A5A63626A33542D6F305351376853576D6F486F466B69497175353253474A6F7758474D62436765636671517155346B4F44535A354E67354B65683043446E347163786C4B5077427152465274666D783350787370556773716A52706950705150646B73755A413969596A384B506739486144512D44493956574463655432364B33696A76455154376547374E47766F6B72424141
64,4,2,,2016-03-16 23:54:03.4630000,2016-03-16 23:54:08.4490000,4E72424D4159475A49476E42644777434D424F41484C6341365A69576F42737963326F2B61417249615A426170567467437A366A4B4F6D567651303646746D34537151447367794F464C6F4A7155716B484E59654A4B4571706D4D5A4C6A616A496F72575462706B6F513356586F6868317063705474334F35753043374937654C73315152704A4E457A587774675346424364426866573144495A6839734A316A5245563833575051457277793558786C2D534651535877554339526849624854495A424D4B37477A4A637372383050426B456B72537346525557426A5144414E6D4855744D6D42487953334161455A44515555574A6C6C3143576354567378483068654A6C3858676741
65,4,2,,2016-03-16 23:54:09.5090000,2016-03-16 23:54:14.4540000,4E72424D485945344759426F41594336737955675267514F6E63343131705274513843414F41466D326A4E486A6E69307276586D77465A584773413256366B3342313434574F6A356C306F61684F45706F386375776E6B7938446E416D52316C447246494C346C59714279374D5A772D676138447A504B456956325A72696C446C652B732D772D6C6F4D544E354D484949657A562D475873644B4F4A61663070716143787252576849574253452D48527766525357425642514171783366426C6B795156417A4253513641346B724B78492D4634585674694F714667696A736832536E4D46586D642B314C4A782D524861524341
66,4,2,,2016-03-16 23:54:17.0450000,2016-03-16 23:54:20.4590000,4E72444D485945594659426F41594336737741357033674F6B7373424F414E6B495377435938415765656355304B2B4D2B5579765566664F794864776A3244776F70516C537479774D5245536F4B7874706C456A326A7434715A566B4A347971634B6A6E67643451684E5447796D2D447443585977344A4877623776464A465355445A636E6B6A686E56796C48614431584255635045683956464878525632305554306858493254494668397A4645495056327352664668676746706D45726467557368553046385555726836344A675365725A454941
67,4,2,,2016-03-16 23:54:20.5280000,2016-03-16 23:54:25.4650000,4E72444D415A51476E42644B77445941734D42304247655941636A30424D326F416E414B7A716A456B37724C556E706E624C6A37686F6B73364E594A6E68656D62414B4646595141
103,4,2,,2016-03-17 00:09:58.9440000,2016-03-17 00:10:01.9470000,4E724373455A514767426758536D417A414A6C674F6E4135534D7536436742775A4945706F7A6F417363635141
98,4,8,,2016-03-16 23:53:57.5530000,2016-03-16 23:53:58.4270000,
104,4,8,,2016-03-16 23:55:32.8700000,2016-03-17 00:09:57.8680000,
68,4,16,,2016-03-16 23:53:58.4400000,2016-03-16 23:53:58.5040000,4E72424D44594559426F425A664E41444158525541
69,4,16,,2016-03-16 23:53:58.5440000,2016-03-16 23:53:59.1800000,4E72424D44594534426F42594859416330414D4264615A34475A7233504B674851437347596B3465344A783461615141
70,4,16,,2016-03-16 23:53:59.2540000,2016-03-16 23:54:00.1140000,4E72424D45344859426F4135514B7A5141774631706B67526D6C35736C6B41365756564941
71,4,16,,2016-03-16 23:54:00.1320000,2016-03-16 23:54:01.3670000,4E72424D48594534426F455A397441444158576D416244574157417A486E414853676F7041
72,4,16,,2016-03-16 23:54:01.3840000,2016-03-16 23:54:02.3680000,4E72444D415A514767526746674F774B7541756C59416D426E59453577413246414F6A33544841465A59414F50584756564941
73,4,16,,2016-03-16 23:54:02.7690000,2016-03-16 23:54:02.8510000,4E72424D48594259427056414F416E4E41444158545541
74,4,16,,2016-03-16 23:54:02.8700000,2016-03-16 23:54:03.3820000,4E72424D453446594270515A6749777741774631724473674C4C536F414F615A414F6B6C565341
75,4,16,,2016-03-16 23:54:03.4230000,2016-03-16 23:54:03.4360000,4E72424D4134485942705146674A774F6742674C707141
76,4,16,,2016-03-16 23:54:03.8860000,2016-03-16 23:54:03.9500000,4E72424D445945344270515A6B67646D6742674C707141
77,4,16,,2016-03-16 23:54:03.9860000,2016-03-16 23:54:04.5830000,4E72444D41594259426F435A494F77455A72674C72574C416241546A72674B774B6F42306861615141
78,4,16,,2016-03-16 23:54:04.5980000,2016-03-16 23:54:05.7830000,4E72424D45344459426F494467497A5141774631706B7561426D4842325A6142414F6756565341
79,4,16,,2016-03-16 23:54:05.7840000,2016-03-16 23:54:07.1570000,4E72444D415A51476C554859434D5677463072414577453577305146696751447051314D6339596A6A38555567
80,4,16,,2016-03-16 23:54:07.6050000,2016-03-16 23:54:07.6690000,4E72424D41344534426F475A344F7A51417746315641
81,4,16,,2016-03-16 23:54:07.7060000,2016-03-16 23:54:08.4520000,4E72424D45355147675A6868474755414D42645651
82,4,16,,2016-03-16 23:54:09.5040000,2016-03-16 23:54:09.5740000,4E72424D41344159426F4759455942734257616B43363667
83,4,16,,2016-03-16 23:54:09.6040000,2016-03-16 23:54:11.2200000,4E72444D435A5147676857424F4B414741756C593441636A53774F783551434D41644C476870706A4C4A6B63535147776F7041
84,4,16,,2016-03-16 23:54:11.9070000,2016-03-16 23:54:11.9870000,4E72424D41344559426F47594259414D424F616943363667
85,4,16,,2016-03-16 23:54:12.0070000,2016-03-16 23:54:12.7390000,4E72424D41344459426F475A594A77455A6F41594336307A6C485544553041365364644941
86,4,16,,2016-03-16 23:54:12.7560000,2016-03-16 23:54:13.2060000,4E72424D45357747675A6868475555414D42644B5944736E625A69674F67425A565567
87,4,16,,2016-03-16 23:54:13.2260000,2016-03-16 23:54:14.4570000,4E72424D45344759427049446741796D676775716F41
88,4,16,,2016-03-16 23:54:14.5370000,2016-03-16 23:54:17.1240000,4E72424D45344759426F425A55726141474175744D42574738434D4E5141365456564941
89,4,16,,2016-03-16 23:54:17.1260000,2016-03-16 23:54:17.5580000,4E72424D44594859426F425A514977475A6F415943363667
90,4,16,,2016-03-16 23:54:18.0920000,2016-03-16 23:54:18.1610000,4E72424D455A774767466C414F416E4641444158545541
91,4,16,,2016-03-16 23:54:18.1930000,2016-03-16 23:54:18.6070000,4E72424D455A774767466E414F417A4641444158536D63424F4B6943736F38714164496D6D6B41
92,4,16,,2016-03-16 23:54:18.6260000,2016-03-16 23:54:19.0110000,4E72424D4159475942704946674277445A72674C72544152674A7A56416A6E4B674853515A69546A364848676C78707041
93,4,16,,2016-03-16 23:54:19.3400000,2016-03-16 23:54:19.4410000,4E72424D41594134426F4E425761344336307A674F79334B55534230416A4D736B41
94,4,16,,2016-03-16 23:54:19.8090000,2016-03-16 23:54:19.9080000,4E72424D41594659426F455A774A774F754175716F41
95,4,16,,2016-03-16 23:54:19.9100000,2016-03-16 23:54:20.4290000,4E72424D41594134426F455A6641546D754175744D426D41624E5442325A63414F67425A30774257537666476B7931564941
96,4,16,,2016-03-16 23:54:21.3930000,2016-03-16 23:54:21.6250000,4E72424D45594659426F4534415944733134463170696E63415746413663645447574C65665556564941
97,4,16,,2016-03-16 23:54:21.6970000,2016-03-16 23:54:25.4670000,4E72424D45594459426F4535774B7A51417746315641
241,5,1,,2016-03-17 04:40:10.4270000,2016-03-17 04:40:11.6420000,4E724473475A514767566746686C414441585373416241546931416A4B4E4567485235715A594163556365797841544F64727266584F586B6C6B7676544A7761456F5065686B4768716C584355716477424772784A5A3544616E6A6A3535344446476835533875417A36476D4B4941
751,8,1,,2016-03-18 18:05:23.4570000,2016-03-18 18:05:23.6790000,4E724473425A774767526871414D42644B5A5369675A6B34676444464D41546D694C7743596B6B67
754,8,1,,2016-03-18 18:05:24.4400000,2016-03-18 18:05:28.4560000,4E72434D6F5667426747675A674277796758526D4B424F5439524B674853686F615A4A783479674541734A6D4137485041477968554554304B78775173634739477279684A7143456777515234414A6748564D55684D7A674B59636B697A674E35734F5552495145632D5A6F4A62304A737852794736316B356F5A374458617A52716149375179324D7648325A4449577357627A6C7043306C72426E734553494A6C4F49545A4F474E457A5578324F434E72424145354850684C544B526932774A5934424D634F436876504A5467466A6C6330444D36464341
755,8,1,,2016-03-18 18:05:28.5410000,2016-03-18 18:05:28.9580000,4E724273465A5147675A67526A6C41444158537341374171416D416E496B67485278715A7A54364645356B5978363534417379524D64445434627A4B4B5141
756,8,1,,2016-03-18 18:05:29.0500000,2016-03-18 18:05:29.3000000,4E72447347594534426F435A49477A51417746315641
757,8,1,,2016-03-18 18:05:29.5520000,2016-03-18 18:05:31.6670000,4E724473475A5147674A6754674B78514177463072414779627255415746414F67455A30734677385A695A7A4D4553386E6B6A7836466C59646A38506F595056676E6F414F476F4E79744D5969554B4B68366F544E31776B696363714F676C38684F716941
758,8,1,,2016-03-18 18:05:32.0850000,2016-03-18 18:05:32.9330000,4E72434D415A7747675A6C424F4B3443365668774B7977477969514F6C46585643786730584877435A695A727170744C38593771597071574157647A3749796F5A32416469696852512D4E6A72304A38546C56484A6B5141
759,8,1,,2016-03-18 18:05:33.3700000,2016-03-18 18:05:34.4560000,4E72444D6F4A6747675267546D6742674C705441466B6241484164696F674851796F5977373548716E6F7A70515472314543734E41624377334D34657A646D7852514D4C6B577730346F5952484C6A534C64744643343473556B7258705158474D5754496741
760,8,1,,2016-03-18 18:05:34.5230000,2016-03-18 18:05:35.3640000,4E7242734759425942704D6747613843363078566E4A41365371774163416E4E414B77627A616E34447338416A47615935614D736B41
764,8,1,,2016-03-18 18:05:36.2730000,2016-03-18 18:05:40.4560000,4E7244734159455942704C6732613443363078567041544670413641466C57414659424F55574C53415A6E784F4A4B3057774E3344336B61784B726568703473784C4B4269516F4D515452453177304D755147466B794941
766,8,1,,2016-03-18 18:05:51.7230000,2016-03-18 18:05:51.9570000,4E72424D48594559426F4534465A625141774631706E41466D7052795541365364595055615553554A5A513056564941
767,8,1,,2016-03-18 18:05:54.0990000,2016-03-18 18:05:54.2110000,4E72444D4459426F45594535757041444158525541
768,8,1,,2016-03-18 18:05:54.4570000,2016-03-18 18:05:54.5760000,4E72424D4259426F4559495A6B6742674C71574E52414F47454473534136615A5A4941
769,8,1,,2016-03-18 18:05:55.2810000,2016-03-18 18:05:55.3840000,4E724373425945344270514E67427A51417746315641
770,8,1,,2016-03-18 18:05:55.5350000,2016-03-18 18:05:55.6350000,4E72437345344359426F445A2B6742674C724B41
772,8,1,,2016-03-18 18:05:59.1810000,2016-03-18 18:05:59.2940000,4E72427341594134426F4559435943733972674C707141
774,8,1,,2016-03-18 18:11:23.4490000,2016-03-18 18:11:24.0310000,4E72444D41594134426F455A594577425A72674C725741646C6A4C5852554136574459414E6E484F6745356C694579615A596B4672776A516D6134324F69534D68446A6C6378414B786F305141
775,8,1,,2016-03-18 18:11:25.2020000,2016-03-18 18:11:25.6450000,4E72444D445A5147674A6742674F77455970774C7057444172485764645541364A444C41466758304C694E444F3350774135786A79303067
776,8,1,,2016-03-18 18:11:26.6730000,2016-03-18 18:11:26.8550000,4E72434D43594259427077674F6141474175744D424F6170376963674F6C42525341
777,8,1,,2016-03-18 18:11:26.8790000,2016-03-18 18:11:27.1070000,4E72434D48594270515A675467477951417746315641
779,8,1,,2016-03-18 18:11:38.7510000,2016-03-18 18:11:38.8640000,4E7243733447675269675741324341474175696F41
780,8,1,,2016-03-18 18:11:39.1390000,2016-03-18 18:11:39.6640000,4E724373445A514767546746674578514177463072414F774559444D564E3455413662645962624F665554665A5968637937544B572B3433636D41446D5859345363564B6941
792,8,1,,2016-03-18 22:39:55.5250000,2016-03-18 22:40:00.5550000,4E724363455A7747676467426D6E41756C59414F55426D4B34424D4257624F414F674259566741324F4F4B55537971452D437938664F6D554A346D43744F4230695959504E507A526F6334554E784B674A5579706C4935694C56476869726C71334D584156384D5557796E37634655714233687A7854466670517A555441597278564D53572B4B585548773474526E64484A4341
795,8,1,,2016-03-18 22:40:11.9330000,2016-03-18 22:40:16.1730000,4E72447341344659426F455A316A41444158576D4B30424D7049475A6F6B41366346464941
798,8,1,,2016-03-18 22:40:16.5330000,2016-03-18 22:40:21.5340000,4E72447341355147674A6C4257417A46414441585373416A43784D714A626741737141644668746976414777457A46626B7855377A5235506D4A736F436339505033376C696666696761527938507548674E616F6C4756727970654A4F56416147385A705577352B6E464D5870594B624C44436B784A2B4B36324F327057667353646C7745306B53386F4B3335355131426952526471634864515248425961324D55474B446C5A4267794B4B7773596D517341325A4D336C647753777449736E4653684E7938784C6C5336467959656B7A3156775167727A6179585578425A7159457A4E3842774E7969524A4478773247434A4F4277564A625252437971456E38386F544953706278757846334734486854627344316A724F3462766846646637626F666745367242455A71326F596B585157684F53543050355241483447426C55682D64526F4941
799,8,1,,2016-03-18 22:40:21.7800000,2016-03-18 22:40:24.3190000,4E72447344594359427049426A67466D6E4175744D566F45344163706F4247414F67465A314D5A64635A4A69426D43375175615241757856564941
765,8,2,,2016-03-18 18:05:35.9060000,2016-03-18 18:05:40.4560000,4E72434D426F4159463132416D41624A4B4136557467465A454759337959355A7137545241
793,8,2,,2016-03-18 22:39:55.9680000,2016-03-18 22:40:00.5580000,4E724373445A514767426758536D634157574136414841344E304534343467
796,8,2,,2016-03-18 22:40:11.1690000,2016-03-18 22:40:16.1740000,4E72434D426F4159463132416D414C504B413655746A494B787670674E6E67413430426D5441646B7354555532494D6A573077453551564A5544327932306C646F6C4C64696D546F6A4A6F3245736B334159346F4B6331446F4A3253477454356C324B597451563978584F76724C69314936326841
800,8,2,,2016-03-18 22:40:18.0220000,2016-03-18 22:40:21.5350000,4E72434D4134485A51476742674C6F7A41566B674A6E674F6C457370314D34743038424F554D37415A6E5054686E53334477505371624E636E47706C755152496B666A6C5A5141624B4947707149366C67417343424541
801,8,2,,2016-03-18 22:40:21.5650000,2016-03-18 22:40:24.3190000,4E72434D4759435A77476742674C6F7A4841724B2B4136555357674F7861533668796742734D6F6D347535416E41437857614F37694D41634C714A484C35584842623445434941
771,8,8,,2016-03-18 18:05:43.4580000,2016-03-18 18:05:51.7190000,
773,8,8,,2016-03-18 18:05:58.7250000,2016-03-18 18:05:59.1770000,
778,8,8,,2016-03-18 18:06:02.1850000,2016-03-18 18:11:23.4450000,
781,8,8,,2016-03-18 18:11:30.4550000,2016-03-18 18:11:38.7480000,
794,8,8,,2016-03-18 22:40:02.5280000,2016-03-18 22:40:11.1690000,
797,8,8,,2016-03-18 22:40:16.1770000,2016-03-18 22:40:16.5330000,
607,17,1,,2016-03-17 16:47:18.9320000,2016-03-17 16:47:21.8670000,4E72437345594259426F7567474175744D423241544C56426D424136635A4E476465556664493041446E476E5730336A3279747673686D636A6276417742732B5547334C394F2B4156514363384C446E796F5A632D716D6E3571792B74504335434B554C4F3178776545536747675371444C4478534C4175756E5455687070592B666F6A707A562B304A55326B694151464D48776C4B46465251434F6C735A77496961584436616D6C55656A786F3445793564456745374E595554504A433658563050423455634868452B6C42734C4A727A5941625549585161487673694C703661616D796C524341
608,17,2,,2016-03-17 16:47:19.4040000,2016-03-17 16:47:21.8680000,4E724173426F4159463132424755414F5355423039594F5253625259424D4162504575674B78476B444D346D6338416E4B66526C733852577A52793032774A77535A4E6C5747303253496F556A6434614A74476841
805,38,2,,2016-03-18 23:41:00.7260000,2016-03-18 23:41:04.5030000,4E72444D4659426F415946314F41526C416468674F6B664D30436347416D625541466E326E56474944596F4B53627A3178735478514E727472456D567355424468514163416B694979344231614A4377495531446F6B7779533839455558564A716867684855436D6C676C7967357172755A534A4E2D57787456694569614E48757270627A334F31496E686F456172364955434542694E483249565275694E543449515A49764A49685A6B6745654A41684E746E496565694F6863486F72746D6B785435494A43516338556A67374A43676F556738554F315278766A7454596D6F62656970512D334D32496B53493657494971443237574B775141
806,38,16,,2016-03-18 23:41:00.7130000,2016-03-18 23:41:00.8270000,4E72444D4459465942705436414D42646177417344793141784136415269535341
807,38,16,,2016-03-18 23:41:01.3070000,2016-03-18 23:41:01.3730000,4E72444D42594134426F445945356251417746315641
808,38,16,,2016-03-18 23:41:01.4240000,2016-03-18 23:41:02.5590000,4E72417341594459426F4859435A545841585773417A4B4430434D7542574763414F6C6A55306E4431314145356B53414F436A4A6E664352753175676D676B7A79392B2B4B6E684B34554B4941
809,38,16,,2016-03-18 23:41:02.6130000,2016-03-18 23:41:03.1100000,4E72417341594759426F455A594777413572674C72574A41724B4F6C525A55413653444D6363664345304E4E4941
810,38,16,,2016-03-18 23:41:03.1670000,2016-03-18 23:41:03.7250000,4E72417341594134426F4559475943734E7746317248674A6B58416246696748536A71615235794943637534526971715141
811,38,16,,2016-03-18 23:41:03.7910000,2016-03-18 23:41:04.5050000,4E72444D45344859426F455A4945774F6742674C72544B41484E424C59413256414F6B4932414259555538624C5449303067
812,38,16,,2016-03-18 23:41:05.1260000,2016-03-18 23:41:05.2440000,4E72424D4459453442705642474741474175744D6F6D3077446D6B674F6E68525341
813,38,16,,2016-03-18 23:41:05.3280000,2016-03-18 23:41:05.6550000,4E72424D45594534427051426E41566D6E4175716F41
814,38,16,,2016-03-18 23:41:06.5350000,2016-03-18 23:41:06.5910000,4E72424D46594559426F45344259427330414D42644E51
815,38,16,,2016-03-18 23:41:06.6350000,2016-03-18 23:41:07.1260000,4E72424D6F5A6747674467646743785141774630706A67526967677245736748514B717041
821,39,8,,2016-03-19 00:19:45.1970000,2016-03-19 00:19:45.3140000,
817,39,16,,2016-03-19 00:19:45.3230000,2016-03-19 00:19:45.6100000,4E72444D4259427051566C53414D42645359424D3177455A45446F737242705152514B35704A4A41
818,39,16,,2016-03-19 00:19:45.6380000,2016-03-19 00:19:46.3930000,4E72434D4259426F475A3279414D426453786F45354C6C414E6B514F6878545153775367587748596B6B67
819,39,16,,2016-03-19 00:19:46.4260000,2016-03-19 00:19:46.9080000,4E72434D4859426F4259435A736742674C71574C4B425752696B4470706C6B67
820,39,16,,2016-03-19 00:19:46.9140000,2016-03-19 00:19:47.5390000,4E72434D6F47674667546869414D426443777151477A6B514F674D7772423441634547436B434F556865655A434375417249514577594F55345A4A4A41
825,40,2,,2016-03-19 00:42:51.3400000,2016-03-19 00:42:56.2880000,4E72424D426F41594631324157655542304247577743636D576736675A6B68515033674134563538425743535A47327042674E6E31595048546C4149485A7561444B484C465579504C334B434A70615A516E56656D4A424D775A34715675436B4A2B53554D4C6731496C493370716F63522B634470636A792B3642713747474F6A7150733472554242472D426A386B494849476E4438524F423230546745787344384E46794A6575513053496C326D41515169633659724B6978486E44464363692B57507746794D455659754477456444515141
836,40,2,,2016-03-19 00:42:56.3740000,2016-03-19 00:43:31.5350000,4E72434D4159413447594270774C717A4B41374B654136555377435A774E784D39645139516A4E6F794B41574C4F7336554156693165665377445A6D424F4B7167476F736B4D6E584467732D4365485A354D73354B447239704E46577636786F324366783137534B316D316830535A566E6A69584E59477730744D455141
835,40,8,,2016-03-19 00:42:39.9850000,2016-03-19 00:42:51.2780000,
826,40,16,,2016-03-19 00:42:51.3200000,2016-03-19 00:42:51.5510000,4E72424D45344159426F42594659447331494631706E414E6A76417A43674851434D367765784D4338526F71715141
827,40,16,,2016-03-19 00:42:51.6250000,2016-03-19 00:42:52.7000000,4E72444D455A514767466744674178515158537341544154674B7851477749447379416445576D416E6F666D584A61427541516E5171566F786E62564F43685241
828,40,16,,2016-03-19 00:42:52.7530000,2016-03-19 00:42:53.3670000,4E72444D43594859426F44594159416331344631724849356B43733855413658644D4A6153555A65513256564941
829,40,16,,2016-03-19 00:42:53.4350000,2016-03-19 00:42:54.0680000,4E72444D45594359426F4134415A54586758576D65746F4535593367485143734B4B5141
830,40,16,,2016-03-19 00:42:54.0850000,2016-03-19 00:42:54.5660000,4E72444D45594134426F4535594F7A51417746317241457977437A584A754D6967485136717041
831,40,16,,2016-03-19 00:42:54.5680000,2016-03-19 00:42:56.2920000,4E72444D41594459426F4559435A77413572674C72544F636341734257664F414F674859303067
832,40,16,,2016-03-19 00:42:56.3710000,2016-03-19 00:42:56.8510000,4E72444D45594259426F6F646C4E41444158576D63355944594373336B41365346464941
833,40,16,,2016-03-19 00:42:56.8860000,2016-03-19 00:42:59.5530000,4E72444D435A51476752674E674A77415970494C705445757341634257664B63414F6742594D78343951466954394B49555943565334303067
834,40,16,,2016-03-19 00:42:59.5710000,2016-03-19 00:43:00.4550000,4E72444D435A774767526744674B77415970494C707141
